,Usage_kWh,Lagging_Current_Reactive.Power_kVarh,Leading_Current_Reactive_Power_kVarh,CO2(tCO2),Lagging_Current_Power_Factor,Leading_Current_Power_Factor,NSM
Usage_kWh,1.0,0.4604550918468611,-0.10590473500351921,0.7768219871170237,0.24925128220052953,0.16892301532850798,0.2021299511443567
Lagging_Current_Reactive.Power_kVarh,0.4604550918468611,1.0,-0.5764738335873425,0.6397401378217139,-0.27827631854489143,0.6010960906446052,-0.03200981032876361
Leading_Current_Reactive_Power_kVarh,-0.10590473500351921,-0.5764738335873425,1.0,-0.26164240858487176,0.6081448307004589,-0.9100755060955339,0.3120594048720923
CO2(tCO2),0.7768219871170237,0.6397401378217139,-0.26164240858487176,1.0,0.17078740264379683,0.30165381007746644,0.19287821910148142
Lagging_Current_Power_Factor,0.24925128220052953,-0.27827631854489143,0.6081448307004589,0.17078740264379683,1.0,-0.5889572127975108,0.4204950481554198
Leading_Current_Power_Factor,0.16892301532850798,0.6010960906446052,-0.9100755060955339,0.30165381007746644,-0.5889572127975108,1.0,-0.30015027197206334
NSM,0.2021299511443567,-0.03200981032876361,0.3120594048720923,0.19287821910148142,0.4204950481554198,-0.30015027197206334,1.0
