,Usage_kWh,Lagging_Current_Reactive.Power_kVarh,Leading_Current_Reactive_Power_kVarh,CO2(tCO2),Lagging_Current_Power_Factor,Leading_Current_Power_Factor,NSM
Usage_kWh,1.0,0.8961499010002166,-0.32492178394544313,0.9881797716789515,0.3859604614141433,0.3535657085478799,0.2346103272643915
Lagging_Current_Reactive.Power_kVarh,0.8961499010002166,1.0,-0.40514167762598446,0.8869477080514382,0.14453375532413168,0.4077162820034886,0.082662371226899
Leading_Current_Reactive_Power_kVarh,-0.32492178394544313,-0.40514167762598446,1.0,-0.3327766451771398,0.5267704711405935,-0.9440389991536534,0.37160456644554224
CO2(tCO2),0.9881797716789515,0.8869477080514382,-0.3327766451771398,1.0,0.37960471977049093,0.36001910096017814,0.23172599741262442
Lagging_Current_Power_Factor,0.3859604614141433,0.14453375532413168,0.5267704711405935,0.37960471977049093,1.0,-0.5199668536819609,0.5652695070724054
Leading_Current_Power_Factor,0.3535657085478799,0.4077162820034886,-0.9440389991536534,0.36001910096017814,-0.5199668536819609,1.0,-0.3605629891708782
NSM,0.2346103272643915,0.082662371226899,0.37160456644554224,0.23172599741262442,0.5652695070724054,-0.3605629891708782,1.0
