,Usage_kWh,Lagging_Current_Reactive.Power_kVarh,Leading_Current_Reactive_Power_kVarh,CO2(tCO2),Lagging_Current_Power_Factor,Leading_Current_Power_Factor,NSM
Usage_kWh,1.0,0.6449373744353163,-0.13170278467399105,0.8815139491808691,0.3751581279575107,0.19350079011622798,0.3221801728691938
Lagging_Current_Reactive.Power_kVarh,0.6449373744353163,1.0,-0.7204032559918965,0.7741881513254363,-0.3495353128536689,0.7442502427423265,-0.07146978417069534
Leading_Current_Reactive_Power_kVarh,-0.13170278467399105,-0.7204032559918965,1.0,-0.29126748141046244,0.7556878840704948,-0.9672060934422372,0.41277432162973915
CO2(tCO2),0.8815139491808691,0.7741881513254363,-0.29126748141046244,1.0,0.2392584355651684,0.33480217408195606,0.259684832726597
Lagging_Current_Power_Factor,0.3751581279575107,-0.3495353128536689,0.7556878840704948,0.2392584355651684,1.0,-0.7351754937482421,0.5694697237024371
Leading_Current_Power_Factor,0.19350079011622798,0.7442502427423265,-0.9672060934422372,0.33480217408195606,-0.7351754937482421,1.0,-0.3928108811086577
NSM,0.3221801728691938,-0.07146978417069534,0.41277432162973915,0.259684832726597,0.5694697237024371,-0.3928108811086577,1.0
